violet, 302.00, Tuna, http://lorempixel.com/640/480/nature, Tools
tan, 449.00, Bacon, http://lorempixel.com/640/480/animals, Games
lavender, 637.00, Shoes, http://lorempixel.com/640/480/animals, Sports
mint green, 629.00, Chips, http://lorempixel.com/640/480/technics, Kids
turquoise, 629.00, Sausages, http://lorempixel.com/640/480/cats, Movies
salmon, 162.00, Fish, http://lorempixel.com/640/480/animals, Baby
lavender, 564.00, Computer, http://lorempixel.com/640/480/technics, Movies
violet, 405.00, Ball, http://lorempixel.com/640/480/business, Books
red, 120.00, Soap, http://lorempixel.com/640/480/transport, Clothing
purple, 653.00, Salad, http://lorempixel.com/640/480/fashion, Kids
purple, 72.00, Computer, http://lorempixel.com/640/480/people, Shoes
mint green, 6.00, Hat, http://lorempixel.com/640/480/abstract, Games
orange, 767.00, Tuna, http://lorempixel.com/640/480/people, Industrial
orange, 19.00, Sausages, http://lorempixel.com/640/480/fashion, Electronics
indigo, 938.00, Gloves, http://lorempixel.com/640/480/sports, Industrial
white, 720.00, Pizza, http://lorempixel.com/640/480/nightlife, Baby
yellow, 195.00, Soap, http://lorempixel.com/640/480/business, Industrial
ivory, 994.00, Fish, http://lorempixel.com/640/480/nightlife, Music
purple, 662.00, Mouse, http://lorempixel.com/640/480/nature, Jewelery
violet, 25.00, Fish, http://lorempixel.com/640/480/abstract, Shoes
silver, 625.00, Chicken, http://lorempixel.com/640/480/food, Computers
azure, 561.00, Sausages, http://lorempixel.com/640/480/abstract, Toys
violet, 113.00, Cheese, http://lorempixel.com/640/480/sports, Music
cyan, 978.00, Table, http://lorempixel.com/640/480/people, Books
sky blue, 268.00, Pizza, http://lorempixel.com/640/480/animals, Health
magenta, 275.00, Fish, http://lorempixel.com/640/480/cats, Sports
sky blue, 672.00, Chair, http://lorempixel.com/640/480/nature, Garden
blue, 785.00, Table, http://lorempixel.com/640/480/animals, Books
green, 840.00, Bacon, http://lorempixel.com/640/480/sports, Industrial
white, 720.00, Tuna, http://lorempixel.com/640/480/transport, Kids
green, 984.00, Chair, http://lorempixel.com/640/480/fashion, Jewelery
mint green, 478.00, Fish, http://lorempixel.com/640/480/city, Automotive
white, 365.00, Soap, http://lorempixel.com/640/480/fashion, Outdoors
gold, 356.00, Pants, http://lorempixel.com/640/480/business, Shoes
black, 988.00, Chicken, http://lorempixel.com/640/480/nightlife, Baby
black, 390.00, Ball, http://lorempixel.com/640/480/business, Computers
lavender, 128.00, Soap, http://lorempixel.com/640/480/technics, Tools
turquoise, 993.00, Fish, http://lorempixel.com/640/480/business, Baby
plum, 289.00, Chair, http://lorempixel.com/640/480/animals, Grocery
orange, 422.00, Shirt, http://lorempixel.com/640/480/food, Music
orange, 485.00, Mouse, http://lorempixel.com/640/480/technics, Baby
magenta, 638.00, Shirt, http://lorempixel.com/640/480/cats, Baby
turquoise, 589.00, Cheese, http://lorempixel.com/640/480/nature, Books
turquoise, 970.00, Table, http://lorempixel.com/640/480/sports, Music
cyan, 911.00, Shoes, http://lorempixel.com/640/480/people, Home
tan, 901.00, Tuna, http://lorempixel.com/640/480/business, Shoes
orange, 323.00, Pizza, http://lorempixel.com/640/480/sports, Games
green, 939.00, Salad, http://lorempixel.com/640/480/fashion, Grocery
violet, 828.00, Pizza, http://lorempixel.com/640/480/nature, Tools
violet, 806.00, Tuna, http://lorempixel.com/640/480/fashion, Movies
orchid, 651.00, Fish, http://lorempixel.com/640/480/animals, Home
indigo, 411.00, Car, http://lorempixel.com/640/480/nightlife, Toys
purple, 728.00, Cheese, http://lorempixel.com/640/480/animals, Home
orchid, 407.00, Fish, http://lorempixel.com/640/480/animals, Outdoors
teal, 383.00, Keyboard, http://lorempixel.com/640/480/city, Sports
orchid, 154.00, Salad, http://lorempixel.com/640/480/cats, Jewelery
mint green, 131.00, Salad, http://lorempixel.com/640/480/animals, Baby
white, 248.00, Towels, http://lorempixel.com/640/480/nature, Baby
red, 331.00, Keyboard, http://lorempixel.com/640/480/sports, Jewelery
silver, 868.00, Soap, http://lorempixel.com/640/480/technics, Garden
sky blue, 157.00, Pizza, http://lorempixel.com/640/480/business, Grocery
sky blue, 894.00, Fish, http://lorempixel.com/640/480/cats, Outdoors
teal, 690.00, Towels, http://lorempixel.com/640/480/fashion, Electronics
sky blue, 426.00, Car, http://lorempixel.com/640/480/sports, Kids
silver, 787.00, Cheese, http://lorempixel.com/640/480/nature, Toys
cyan, 405.00, Salad, http://lorempixel.com/640/480/animals, Garden
orange, 62.00, Pizza, http://lorempixel.com/640/480/abstract, Toys
ivory, 840.00, Chicken, http://lorempixel.com/640/480/food, Electronics
black, 620.00, Table, http://lorempixel.com/640/480/nature, Kids
plum, 722.00, Cheese, http://lorempixel.com/640/480/cats, Industrial
cyan, 144.00, Pants, http://lorempixel.com/640/480/nature, Jewelery
ivory, 834.00, Pants, http://lorempixel.com/640/480/cats, Tools
pink, 152.00, Bike, http://lorempixel.com/640/480/animals, Movies
magenta, 277.00, Shoes, http://lorempixel.com/640/480/business, Jewelery
orchid, 96.00, Hat, http://lorempixel.com/640/480/transport, Health
lime, 21.00, Cheese, http://lorempixel.com/640/480/nightlife, Grocery
mint green, 960.00, Fish, http://lorempixel.com/640/480/city, Toys
grey, 186.00, Soap, http://lorempixel.com/640/480/fashion, Baby
grey, 236.00, Table, http://lorempixel.com/640/480/animals, Garden
orchid, 748.00, Hat, http://lorempixel.com/640/480/abstract, Toys
plum, 659.00, Towels, http://lorempixel.com/640/480/nature, Outdoors
silver, 242.00, Bike, http://lorempixel.com/640/480/people, Clothing
maroon, 146.00, Chicken, http://lorempixel.com/640/480/technics, Automotive
lime, 584.00, Towels, http://lorempixel.com/640/480/transport, Clothing
grey, 616.00, Gloves, http://lorempixel.com/640/480/animals, Home
yellow, 146.00, Keyboard, http://lorempixel.com/640/480/nature, Automotive
green, 281.00, Shirt, http://lorempixel.com/640/480/city, Jewelery
green, 93.00, Shoes, http://lorempixel.com/640/480/transport, Clothing
purple, 705.00, Chips, http://lorempixel.com/640/480/fashion, Clothing
violet, 871.00, Shoes, http://lorempixel.com/640/480/people, Games
black, 175.00, Fish, http://lorempixel.com/640/480/animals, Beauty
fuchsia, 710.00, Cheese, http://lorempixel.com/640/480/sports, Grocery
red, 22.00, Car, http://lorempixel.com/640/480/sports, Home
red, 547.00, Bacon, http://lorempixel.com/640/480/abstract, Kids
orchid, 953.00, Towels, http://lorempixel.com/640/480/animals, Sports
maroon, 452.00, Chicken, http://lorempixel.com/640/480/transport, Music
yellow, 376.00, Soap, http://lorempixel.com/640/480/technics, Outdoors
olive, 284.00, Shirt, http://lorempixel.com/640/480/transport, Baby
lime, 996.00, Pants, http://lorempixel.com/640/480/business, Automotive
ivory, 950.00, Towels, http://lorempixel.com/640/480/nightlife, Games
indigo, 716.00, Soap, http://lorempixel.com/640/480/sports, Music
white, 27.00, Car, http://lorempixel.com/640/480/fashion, Garden
black, 72.00, Fish, http://lorempixel.com/640/480/people, Kids
mint green, 869.00, Bike, http://lorempixel.com/640/480/cats, Computers
blue, 669.00, Bike, http://lorempixel.com/640/480/animals, Movies
purple, 248.00, Tuna, http://lorempixel.com/640/480/cats, Health
orchid, 609.00, Chair, http://lorempixel.com/640/480/city, Games
plum, 590.00, Fish, http://lorempixel.com/640/480/technics, Books
sky blue, 671.00, Gloves, http://lorempixel.com/640/480/nature, Music
turquoise, 585.00, Computer, http://lorempixel.com/640/480/cats, Grocery
salmon, 453.00, Sausages, http://lorempixel.com/640/480/nightlife, Toys
sky blue, 745.00, Fish, http://lorempixel.com/640/480/abstract, Kids
yellow, 638.00, Bacon, http://lorempixel.com/640/480/sports, Sports
yellow, 570.00, Ball, http://lorempixel.com/640/480/sports, Tools
fuchsia, 398.00, Bacon, http://lorempixel.com/640/480/abstract, Clothing
mint green, 463.00, Table, http://lorempixel.com/640/480/business, Baby
green, 29.00, Tuna, http://lorempixel.com/640/480/nightlife, Games
blue, 514.00, Ball, http://lorempixel.com/640/480/nature, Grocery
salmon, 674.00, Car, http://lorempixel.com/640/480/sports, Garden
blue, 560.00, Keyboard, http://lorempixel.com/640/480/sports, Kids
violet, 916.00, Salad, http://lorempixel.com/640/480/abstract, Beauty
blue, 904.00, Table, http://lorempixel.com/640/480/transport, Automotive
purple, 630.00, Pizza, http://lorempixel.com/640/480/technics, Outdoors
pink, 1000.00, Fish, http://lorempixel.com/640/480/cats, Clothing
teal, 798.00, Bike, http://lorempixel.com/640/480/business, Garden
silver, 544.00, Sausages, http://lorempixel.com/640/480/abstract, Grocery
olive, 995.00, Sausages, http://lorempixel.com/640/480/business, Home
mint green, 268.00, Cheese, http://lorempixel.com/640/480/nightlife, Industrial
magenta, 792.00, Hat, http://lorempixel.com/640/480/animals, Automotive
purple, 724.00, Hat, http://lorempixel.com/640/480/city, Grocery
grey, 852.00, Table, http://lorempixel.com/640/480/food, Industrial
purple, 759.00, Gloves, http://lorempixel.com/640/480/abstract, Clothing
silver, 969.00, Car, http://lorempixel.com/640/480/cats, Computers
maroon, 235.00, Sausages, http://lorempixel.com/640/480/sports, Toys
grey, 162.00, Shirt, http://lorempixel.com/640/480/nature, Electronics
yellow, 649.00, Chair, http://lorempixel.com/640/480/people, Industrial
salmon, 408.00, Ball, http://lorempixel.com/640/480/sports, Shoes
orange, 744.00, Gloves, http://lorempixel.com/640/480/business, Grocery
azure, 24.00, Sausages, http://lorempixel.com/640/480/nightlife, Jewelery
olive, 296.00, Shirt, http://lorempixel.com/640/480/business, Health
silver, 423.00, Computer, http://lorempixel.com/640/480/abstract, Tools
ivory, 909.00, Fish, http://lorempixel.com/640/480/animals, Beauty
orchid, 98.00, Mouse, http://lorempixel.com/640/480/abstract, Automotive
silver, 614.00, Chicken, http://lorempixel.com/640/480/transport, Books
teal, 714.00, Chips, http://lorempixel.com/640/480/food, Games
violet, 748.00, Cheese, http://lorempixel.com/640/480/nightlife, Computers
olive, 909.00, Salad, http://lorempixel.com/640/480/city, Music
plum, 73.00, Chips, http://lorempixel.com/640/480/nature, Shoes
azure, 888.00, Computer, http://lorempixel.com/640/480/cats, Grocery
red, 861.00, Soap, http://lorempixel.com/640/480/transport, Outdoors
azure, 389.00, Cheese, http://lorempixel.com/640/480/abstract, Baby
teal, 158.00, Chips, http://lorempixel.com/640/480/people, Sports
purple, 599.00, Ball, http://lorempixel.com/640/480/cats, Jewelery
turquoise, 154.00, Bike, http://lorempixel.com/640/480/transport, Toys
magenta, 698.00, Towels, http://lorempixel.com/640/480/nature, Movies
silver, 706.00, Bacon, http://lorempixel.com/640/480/city, Electronics
indigo, 25.00, Towels, http://lorempixel.com/640/480/fashion, Outdoors
green, 746.00, Tuna, http://lorempixel.com/640/480/food, Health
white, 180.00, Chair, http://lorempixel.com/640/480/nightlife, Grocery
white, 918.00, Mouse, http://lorempixel.com/640/480/technics, Music
fuchsia, 41.00, Salad, http://lorempixel.com/640/480/business, Automotive
pink, 533.00, Mouse, http://lorempixel.com/640/480/nightlife, Toys
turquoise, 666.00, Chicken, http://lorempixel.com/640/480/city, Movies
orchid, 962.00, Ball, http://lorempixel.com/640/480/nature, Tools
lavender, 121.00, Computer, http://lorempixel.com/640/480/people, Home
blue, 921.00, Shirt, http://lorempixel.com/640/480/city, Games
fuchsia, 147.00, Fish, http://lorempixel.com/640/480/nature, Movies
purple, 191.00, Chair, http://lorempixel.com/640/480/people, Health
tan, 678.00, Fish, http://lorempixel.com/640/480/fashion, Computers
magenta, 204.00, Computer, http://lorempixel.com/640/480/sports, Home
mint green, 620.00, Cheese, http://lorempixel.com/640/480/city, Baby
silver, 105.00, Keyboard, http://lorempixel.com/640/480/abstract, Baby
sky blue, 34.00, Car, http://lorempixel.com/640/480/nightlife, Electronics
ivory, 17.00, Computer, http://lorempixel.com/640/480/city, Computers
green, 673.00, Cheese, http://lorempixel.com/640/480/city, Books
lavender, 26.00, Bacon, http://lorempixel.com/640/480/technics, Computers
green, 942.00, Sausages, http://lorempixel.com/640/480/business, Baby
gold, 478.00, Ball, http://lorempixel.com/640/480/technics, Home
indigo, 431.00, Salad, http://lorempixel.com/640/480/animals, Games
green, 691.00, Chips, http://lorempixel.com/640/480/technics, Outdoors
black, 628.00, Chair, http://lorempixel.com/640/480/transport, Movies
silver, 217.00, Salad, http://lorempixel.com/640/480/fashion, Toys
plum, 292.00, Table, http://lorempixel.com/640/480/technics, Games
violet, 443.00, Towels, http://lorempixel.com/640/480/city, Baby
violet, 845.00, Chair, http://lorempixel.com/640/480/sports, Grocery
fuchsia, 871.00, Gloves, http://lorempixel.com/640/480/transport, Beauty
silver, 406.00, Sausages, http://lorempixel.com/640/480/sports, Toys
magenta, 370.00, Car, http://lorempixel.com/640/480/nightlife, Kids
plum, 189.00, Shoes, http://lorempixel.com/640/480/animals, Clothing
violet, 450.00, Tuna, http://lorempixel.com/640/480/nature, Industrial
purple, 199.00, Car, http://lorempixel.com/640/480/city, Health
orchid, 875.00, Soap, http://lorempixel.com/640/480/business, Beauty
sky blue, 520.00, Soap, http://lorempixel.com/640/480/transport, Toys
teal, 160.00, Shoes, http://lorempixel.com/640/480/food, Home
blue, 735.00, Gloves, http://lorempixel.com/640/480/nightlife, Games
salmon, 947.00, Tuna, http://lorempixel.com/640/480/animals, Outdoors
blue, 717.00, Salad, http://lorempixel.com/640/480/animals, Beauty
salmon, 263.00, Towels, http://lorempixel.com/640/480/nightlife, Clothing
purple, 841.00, Tuna, http://lorempixel.com/640/480/animals, Sports
yellow, 726.00, Bike, http://lorempixel.com/640/480/nightlife, Computers
blue, 61.00, Keyboard, http://lorempixel.com/640/480/animals, Garden
orchid, 50.00, Chair, http://lorempixel.com/640/480/nightlife, Kids
olive, 830.00, Bacon, http://lorempixel.com/640/480/transport, Electronics
maroon, 723.00, Cheese, http://lorempixel.com/640/480/nightlife, Outdoors
orchid, 770.00, Chips, http://lorempixel.com/640/480/people, Toys
purple, 919.00, Gloves, http://lorempixel.com/640/480/nightlife, Home
blue, 913.00, Bacon, http://lorempixel.com/640/480/people, Outdoors
lavender, 926.00, Bike, http://lorempixel.com/640/480/cats, Baby
blue, 332.00, Car, http://lorempixel.com/640/480/transport, Movies
tan, 440.00, Ball, http://lorempixel.com/640/480/transport, Kids
green, 51.00, Hat, http://lorempixel.com/640/480/technics, Grocery
ivory, 40.00, Salad, http://lorempixel.com/640/480/nature, Sports
mint green, 623.00, Salad, http://lorempixel.com/640/480/cats, Shoes
lavender, 812.00, Chair, http://lorempixel.com/640/480/abstract, Home
white, 750.00, Bike, http://lorempixel.com/640/480/sports, Industrial
pink, 792.00, Bacon, http://lorempixel.com/640/480/fashion, Garden
ivory, 61.00, Fish, http://lorempixel.com/640/480/fashion, Music
white, 321.00, Bike, http://lorempixel.com/640/480/technics, Home
azure, 534.00, Bacon, http://lorempixel.com/640/480/nightlife, Sports
plum, 313.00, Chips, http://lorempixel.com/640/480/transport, Books
purple, 650.00, Computer, http://lorempixel.com/640/480/technics, Beauty
olive, 980.00, Chair, http://lorempixel.com/640/480/cats, Tools
orange, 659.00, Sausages, http://lorempixel.com/640/480/city, Baby
silver, 840.00, Soap, http://lorempixel.com/640/480/nightlife, Automotive
salmon, 882.00, Keyboard, http://lorempixel.com/640/480/animals, Clothing
tan, 270.00, Keyboard, http://lorempixel.com/640/480/fashion, Kids
green, 994.00, Chicken, http://lorempixel.com/640/480/cats, Games
tan, 392.00, Chicken, http://lorempixel.com/640/480/business, Garden
tan, 770.00, Chair, http://lorempixel.com/640/480/business, Electronics
maroon, 544.00, Car, http://lorempixel.com/640/480/nature, Toys
teal, 606.00, Bacon, http://lorempixel.com/640/480/transport, Grocery
violet, 567.00, Shoes, http://lorempixel.com/640/480/cats, Garden
gold, 864.00, Mouse, http://lorempixel.com/640/480/business, Games
yellow, 180.00, Fish, http://lorempixel.com/640/480/technics, Games
lavender, 894.00, Bike, http://lorempixel.com/640/480/nature, Health
green, 889.00, Shoes, http://lorempixel.com/640/480/fashion, Health
lime, 345.00, Bacon, http://lorempixel.com/640/480/nature, Outdoors
green, 361.00, Shirt, http://lorempixel.com/640/480/cats, Kids
teal, 587.00, Tuna, http://lorempixel.com/640/480/nightlife, Beauty
silver, 930.00, Table, http://lorempixel.com/640/480/nightlife, Sports
silver, 247.00, Table, http://lorempixel.com/640/480/abstract, Home
purple, 672.00, Towels, http://lorempixel.com/640/480/sports, Books
red, 162.00, Shirt, http://lorempixel.com/640/480/transport, Baby
black, 543.00, Towels, http://lorempixel.com/640/480/nature, Movies
gold, 996.00, Pizza, http://lorempixel.com/640/480/fashion, Health
yellow, 122.00, Fish, http://lorempixel.com/640/480/nightlife, Grocery
magenta, 856.00, Pizza, http://lorempixel.com/640/480/city, Movies
yellow, 674.00, Pizza, http://lorempixel.com/640/480/city, Movies
yellow, 662.00, Computer, http://lorempixel.com/640/480/nightlife, Tools
silver, 857.00, Ball, http://lorempixel.com/640/480/transport, Home
white, 303.00, Chair, http://lorempixel.com/640/480/cats, Computers
olive, 213.00, Table, http://lorempixel.com/640/480/business, Garden
cyan, 241.00, Pizza, http://lorempixel.com/640/480/technics, Electronics
azure, 124.00, Mouse, http://lorempixel.com/640/480/nightlife, Tools
turquoise, 368.00, Bike, http://lorempixel.com/640/480/nightlife, Outdoors
grey, 741.00, Towels, http://lorempixel.com/640/480/sports, Computers
plum, 318.00, Hat, http://lorempixel.com/640/480/nature, Automotive
mint green, 622.00, Pizza, http://lorempixel.com/640/480/nature, Music
pink, 336.00, Fish, http://lorempixel.com/640/480/technics, Outdoors
plum, 420.00, Bacon, http://lorempixel.com/640/480/fashion, Grocery
orchid, 24.00, Salad, http://lorempixel.com/640/480/city, Books
magenta, 603.00, Car, http://lorempixel.com/640/480/business, Grocery
maroon, 639.00, Sausages, http://lorempixel.com/640/480/animals, Sports
lavender, 881.00, Soap, http://lorempixel.com/640/480/business, Music
plum, 386.00, Tuna, http://lorempixel.com/640/480/fashion, Kids
sky blue, 951.00, Pants, http://lorempixel.com/640/480/abstract, Industrial
azure, 831.00, Computer, http://lorempixel.com/640/480/abstract, Electronics
olive, 617.00, Computer, http://lorempixel.com/640/480/city, Baby
tan, 504.00, Gloves, http://lorempixel.com/640/480/transport, Garden
blue, 867.00, Computer, http://lorempixel.com/640/480/cats, Industrial
maroon, 212.00, Pizza, http://lorempixel.com/640/480/food, Computers
grey, 659.00, Chair, http://lorempixel.com/640/480/technics, Outdoors
teal, 306.00, Mouse, http://lorempixel.com/640/480/fashion, Computers
turquoise, 935.00, Sausages, http://lorempixel.com/640/480/food, Garden
white, 68.00, Keyboard, http://lorempixel.com/640/480/nature, Books
green, 567.00, Towels, http://lorempixel.com/640/480/city, Tools
blue, 733.00, Cheese, http://lorempixel.com/640/480/business, Movies
olive, 24.00, Bacon, http://lorempixel.com/640/480/people, Jewelery
violet, 611.00, Tuna, http://lorempixel.com/640/480/business, Clothing
olive, 125.00, Salad, http://lorempixel.com/640/480/business, Movies
grey, 78.00, Table, http://lorempixel.com/640/480/animals, Games
ivory, 348.00, Mouse, http://lorempixel.com/640/480/business, Games
green, 991.00, Shirt, http://lorempixel.com/640/480/transport, Sports
grey, 797.00, Fish, http://lorempixel.com/640/480/sports, Automotive
orchid, 438.00, Shirt, http://lorempixel.com/640/480/business, Grocery
grey, 570.00, Pizza, http://lorempixel.com/640/480/animals, Health
lavender, 886.00, Keyboard, http://lorempixel.com/640/480/animals, Games
ivory, 256.00, Tuna, http://lorempixel.com/640/480/fashion, Garden
blue, 665.00, Shirt, http://lorempixel.com/640/480/animals, Industrial
blue, 515.00, Towels, http://lorempixel.com/640/480/cats, Kids
lavender, 628.00, Car, http://lorempixel.com/640/480/nature, Beauty
blue, 882.00, Ball, http://lorempixel.com/640/480/cats, Home
yellow, 7.00, Tuna, http://lorempixel.com/640/480/food, Health
sky blue, 939.00, Pizza, http://lorempixel.com/640/480/technics, Kids
lime, 21.00, Salad, http://lorempixel.com/640/480/business, Books
grey, 894.00, Computer, http://lorempixel.com/640/480/nightlife, Automotive
teal, 914.00, Hat, http://lorempixel.com/640/480/abstract, Tools
blue, 999.00, Fish, http://lorempixel.com/640/480/city, Electronics
maroon, 881.00, Bike, http://lorempixel.com/640/480/animals, Music
lavender, 828.00, Hat, http://lorempixel.com/640/480/fashion, Beauty
pink, 764.00, Shoes, http://lorempixel.com/640/480/sports, Baby
blue, 231.00, Shoes, http://lorempixel.com/640/480/fashion, Books
indigo, 963.00, Shoes, http://lorempixel.com/640/480/cats, Electronics
magenta, 190.00, Computer, http://lorempixel.com/640/480/animals, Sports
gold, 445.00, Pants, http://lorempixel.com/640/480/food, Electronics
purple, 161.00, Gloves, http://lorempixel.com/640/480/technics, Automotive
indigo, 145.00, Bacon, http://lorempixel.com/640/480/technics, Music
blue, 480.00, Keyboard, http://lorempixel.com/640/480/food, Beauty
pink, 35.00, Bike, http://lorempixel.com/640/480/people, Garden
maroon, 430.00, Pants, http://lorempixel.com/640/480/fashion, Home
mint green, 198.00, Table, http://lorempixel.com/640/480/cats, Kids
green, 360.00, Fish, http://lorempixel.com/640/480/cats, Automotive
black, 957.00, Table, http://lorempixel.com/640/480/technics, Automotive
ivory, 105.00, Bacon, http://lorempixel.com/640/480/nature, Games
grey, 543.00, Tuna, http://lorempixel.com/640/480/city, Automotive
maroon, 705.00, Ball, http://lorempixel.com/640/480/fashion, Kids
blue, 930.00, Chicken, http://lorempixel.com/640/480/nature, Movies
pink, 962.00, Car, http://lorempixel.com/640/480/nature, Tools
silver, 221.00, Computer, http://lorempixel.com/640/480/fashion, Jewelery
orchid, 557.00, Towels, http://lorempixel.com/640/480/animals, Books
purple, 241.00, Pants, http://lorempixel.com/640/480/business, Industrial
salmon, 34.00, Sausages, http://lorempixel.com/640/480/cats, Grocery
orange, 94.00, Shoes, http://lorempixel.com/640/480/cats, Home
sky blue, 782.00, Gloves, http://lorempixel.com/640/480/technics, Automotive
black, 270.00, Mouse, http://lorempixel.com/640/480/city, Kids
red, 473.00, Fish, http://lorempixel.com/640/480/fashion, Sports
azure, 581.00, Bike, http://lorempixel.com/640/480/animals, Clothing
turquoise, 550.00, Gloves, http://lorempixel.com/640/480/sports, Electronics
teal, 312.00, Pants, http://lorempixel.com/640/480/cats, Kids
lavender, 913.00, Chair, http://lorempixel.com/640/480/food, Music
pink, 454.00, Pizza, http://lorempixel.com/640/480/sports, Movies
blue, 682.00, Sausages, http://lorempixel.com/640/480/transport, Kids
ivory, 264.00, Bike, http://lorempixel.com/640/480/nature, Jewelery
magenta, 662.00, Fish, http://lorempixel.com/640/480/sports, Health
gold, 564.00, Sausages, http://lorempixel.com/640/480/food, Outdoors
orange, 899.00, Chips, http://lorempixel.com/640/480/food, Clothing
turquoise, 730.00, Shoes, http://lorempixel.com/640/480/food, Music
turquoise, 809.00, Car, http://lorempixel.com/640/480/animals, Tools
yellow, 244.00, Fish, http://lorempixel.com/640/480/food, Outdoors
purple, 51.00, Bike, http://lorempixel.com/640/480/business, Music
white, 812.00, Chair, http://lorempixel.com/640/480/transport, Garden
cyan, 216.00, Chicken, http://lorempixel.com/640/480/business, Home
orange, 900.00, Fish, http://lorempixel.com/640/480/nightlife, Tools
black, 805.00, Soap, http://lorempixel.com/640/480/transport, Industrial
sky blue, 630.00, Salad, http://lorempixel.com/640/480/business, Grocery
white, 299.00, Mouse, http://lorempixel.com/640/480/food, Beauty
blue, 514.00, Bike, http://lorempixel.com/640/480/transport, Music
maroon, 368.00, Salad, http://lorempixel.com/640/480/transport, Toys
gold, 575.00, Shirt, http://lorempixel.com/640/480/technics, Baby
mint green, 145.00, Chicken, http://lorempixel.com/640/480/transport, Toys
mint green, 11.00, Gloves, http://lorempixel.com/640/480/fashion, Toys
pink, 217.00, Cheese, http://lorempixel.com/640/480/nature, Music
lavender, 962.00, Fish, http://lorempixel.com/640/480/cats, Games
blue, 14.00, Gloves, http://lorempixel.com/640/480/animals, Books
orange, 605.00, Salad, http://lorempixel.com/640/480/city, Automotive
sky blue, 499.00, Bacon, http://lorempixel.com/640/480/animals, Sports
mint green, 66.00, Bike, http://lorempixel.com/640/480/cats, Sports
white, 67.00, Keyboard, http://lorempixel.com/640/480/fashion, Games
yellow, 337.00, Salad, http://lorempixel.com/640/480/cats, Outdoors
tan, 227.00, Salad, http://lorempixel.com/640/480/cats, Home
green, 586.00, Ball, http://lorempixel.com/640/480/people, Books
yellow, 891.00, Cheese, http://lorempixel.com/640/480/animals, Toys
teal, 230.00, Chips, http://lorempixel.com/640/480/nightlife, Books
orange, 891.00, Gloves, http://lorempixel.com/640/480/transport, Home
turquoise, 899.00, Bacon, http://lorempixel.com/640/480/animals, Jewelery
ivory, 778.00, Gloves, http://lorempixel.com/640/480/technics, Kids
ivory, 458.00, Car, http://lorempixel.com/640/480/sports, Movies
teal, 186.00, Table, http://lorempixel.com/640/480/food, Beauty
lavender, 413.00, Hat, http://lorempixel.com/640/480/people, Outdoors
violet, 345.00, Bacon, http://lorempixel.com/640/480/food, Grocery
azure, 503.00, Computer, http://lorempixel.com/640/480/sports, Music
green, 933.00, Towels, http://lorempixel.com/640/480/cats, Jewelery
tan, 377.00, Chips, http://lorempixel.com/640/480/abstract, Shoes
gold, 301.00, Chair, http://lorempixel.com/640/480/business, Beauty
green, 964.00, Chips, http://lorempixel.com/640/480/city, Computers
green, 133.00, Chicken, http://lorempixel.com/640/480/transport, Health
turquoise, 653.00, Ball, http://lorempixel.com/640/480/nightlife, Industrial
fuchsia, 541.00, Sausages, http://lorempixel.com/640/480/nightlife, Toys
ivory, 648.00, Cheese, http://lorempixel.com/640/480/nature, Industrial
plum, 735.00, Fish, http://lorempixel.com/640/480/people, Health
orchid, 258.00, Table, http://lorempixel.com/640/480/transport, Movies
red, 631.00, Chicken, http://lorempixel.com/640/480/abstract, Books
white, 423.00, Computer, http://lorempixel.com/640/480/abstract, Games
olive, 840.00, Car, http://lorempixel.com/640/480/animals, Outdoors
lavender, 891.00, Hat, http://lorempixel.com/640/480/animals, Clothing
mint green, 623.00, Sausages, http://lorempixel.com/640/480/people, Outdoors
orange, 435.00, Computer, http://lorempixel.com/640/480/cats, Toys
tan, 710.00, Chair, http://lorempixel.com/640/480/technics, Industrial
purple, 429.00, Ball, http://lorempixel.com/640/480/food, Beauty
orchid, 221.00, Ball, http://lorempixel.com/640/480/food, Baby
cyan, 341.00, Hat, http://lorempixel.com/640/480/nightlife, Garden
turquoise, 743.00, Soap, http://lorempixel.com/640/480/abstract, Beauty
olive, 50.00, Computer, http://lorempixel.com/640/480/fashion, Toys
yellow, 706.00, Sausages, http://lorempixel.com/640/480/nature, Sports
maroon, 247.00, Soap, http://lorempixel.com/640/480/abstract, Garden
red, 949.00, Cheese, http://lorempixel.com/640/480/cats, Tools
maroon, 642.00, Chicken, http://lorempixel.com/640/480/nature, Tools
plum, 346.00, Towels, http://lorempixel.com/640/480/food, Grocery
white, 355.00, Shirt, http://lorempixel.com/640/480/nightlife, Books
cyan, 464.00, Fish, http://lorempixel.com/640/480/animals, Tools
tan, 321.00, Hat, http://lorempixel.com/640/480/fashion, Clothing
blue, 184.00, Mouse, http://lorempixel.com/640/480/business, Clothing
silver, 277.00, Pizza, http://lorempixel.com/640/480/fashion, Games
fuchsia, 413.00, Tuna, http://lorempixel.com/640/480/nightlife, Games
red, 685.00, Soap, http://lorempixel.com/640/480/transport, Home
blue, 953.00, Computer, http://lorempixel.com/640/480/city, Movies
lime, 276.00, Soap, http://lorempixel.com/640/480/nightlife, Books
azure, 495.00, Hat, http://lorempixel.com/640/480/people, Outdoors
maroon, 750.00, Shoes, http://lorempixel.com/640/480/sports, Sports
grey, 639.00, Soap, http://lorempixel.com/640/480/animals, Games
tan, 245.00, Hat, http://lorempixel.com/640/480/cats, Beauty
lime, 437.00, Cheese, http://lorempixel.com/640/480/fashion, Music
violet, 468.00, Table, http://lorempixel.com/640/480/food, Health
silver, 122.00, Tuna, http://lorempixel.com/640/480/sports, Industrial
cyan, 835.00, Shirt, http://lorempixel.com/640/480/people, Jewelery
indigo, 701.00, Towels, http://lorempixel.com/640/480/food, Books
blue, 753.00, Gloves, http://lorempixel.com/640/480/fashion, Jewelery
azure, 873.00, Tuna, http://lorempixel.com/640/480/cats, Toys
red, 811.00, Shirt, http://lorempixel.com/640/480/sports, Games
ivory, 400.00, Pants, http://lorempixel.com/640/480/technics, Games
black, 220.00, Bacon, http://lorempixel.com/640/480/animals, Industrial
white, 738.00, Cheese, http://lorempixel.com/640/480/cats, Beauty
plum, 843.00, Soap, http://lorempixel.com/640/480/animals, Shoes
turquoise, 537.00, Keyboard, http://lorempixel.com/640/480/transport, Electronics
olive, 888.00, Mouse, http://lorempixel.com/640/480/city, Kids
violet, 350.00, Chicken, http://lorempixel.com/640/480/people, Grocery
turquoise, 218.00, Car, http://lorempixel.com/640/480/fashion, Garden
tan, 653.00, Bacon, http://lorempixel.com/640/480/cats, Automotive
lavender, 512.00, Hat, http://lorempixel.com/640/480/technics, Automotive
maroon, 427.00, Chips, http://lorempixel.com/640/480/abstract, Outdoors
salmon, 957.00, Gloves, http://lorempixel.com/640/480/cats, Grocery
yellow, 779.00, Pants, http://lorempixel.com/640/480/business, Garden
lavender, 624.00, Towels, http://lorempixel.com/640/480/people, Industrial
purple, 336.00, Keyboard, http://lorempixel.com/640/480/nightlife, Garden
teal, 687.00, Table, http://lorempixel.com/640/480/business, Baby
teal, 258.00, Pizza, http://lorempixel.com/640/480/fashion, Music
mint green, 730.00, Shirt, http://lorempixel.com/640/480/cats, Home
red, 139.00, Towels, http://lorempixel.com/640/480/transport, Sports
sky blue, 299.00, Bacon, http://lorempixel.com/640/480/sports, Books
lavender, 480.00, Table, http://lorempixel.com/640/480/nature, Sports
purple, 952.00, Chicken, http://lorempixel.com/640/480/fashion, Industrial
azure, 24.00, Keyboard, http://lorempixel.com/640/480/abstract, Shoes
ivory, 549.00, Shoes, http://lorempixel.com/640/480/animals, Jewelery
mint green, 824.00, Pizza, http://lorempixel.com/640/480/business, Health
sky blue, 104.00, Bacon, http://lorempixel.com/640/480/people, Books
ivory, 219.00, Mouse, http://lorempixel.com/640/480/abstract, Electronics
sky blue, 26.00, Bike, http://lorempixel.com/640/480/technics, Games
black, 348.00, Soap, http://lorempixel.com/640/480/city, Shoes
white, 515.00, Pants, http://lorempixel.com/640/480/people, Beauty
violet, 521.00, Bike, http://lorempixel.com/640/480/animals, Books
yellow, 955.00, Bike, http://lorempixel.com/640/480/cats, Automotive
indigo, 329.00, Hat, http://lorempixel.com/640/480/business, Health
violet, 395.00, Mouse, http://lorempixel.com/640/480/food, Computers
silver, 608.00, Bike, http://lorempixel.com/640/480/sports, Outdoors
white, 47.00, Pizza, http://lorempixel.com/640/480/animals, Tools
orchid, 253.00, Chair, http://lorempixel.com/640/480/food, Kids
maroon, 820.00, Cheese, http://lorempixel.com/640/480/fashion, Baby
lime, 165.00, Chair, http://lorempixel.com/640/480/animals, Kids
olive, 11.00, Sausages, http://lorempixel.com/640/480/food, Garden
orange, 84.00, Hat, http://lorempixel.com/640/480/fashion, Movies
orchid, 962.00, Computer, http://lorempixel.com/640/480/sports, Books
ivory, 864.00, Keyboard, http://lorempixel.com/640/480/sports, Jewelery
olive, 123.00, Pizza, http://lorempixel.com/640/480/transport, Industrial
yellow, 687.00, Car, http://lorempixel.com/640/480/cats, Games
mint green, 420.00, Keyboard, http://lorempixel.com/640/480/cats, Garden
silver, 702.00, Car, http://lorempixel.com/640/480/city, Sports
yellow, 828.00, Bacon, http://lorempixel.com/640/480/nightlife, Books
violet, 838.00, Pants, http://lorempixel.com/640/480/sports, Books
lavender, 849.00, Salad, http://lorempixel.com/640/480/animals, Beauty
blue, 915.00, Fish, http://lorempixel.com/640/480/cats, Books
maroon, 360.00, Soap, http://lorempixel.com/640/480/nightlife, Industrial
orchid, 724.00, Bacon, http://lorempixel.com/640/480/food, Industrial
plum, 463.00, Pizza, http://lorempixel.com/640/480/sports, Industrial
ivory, 695.00, Table, http://lorempixel.com/640/480/sports, Grocery
black, 544.00, Hat, http://lorempixel.com/640/480/people, Games
ivory, 756.00, Tuna, http://lorempixel.com/640/480/technics, Jewelery
ivory, 211.00, Chicken, http://lorempixel.com/640/480/city, Grocery
black, 741.00, Chair, http://lorempixel.com/640/480/cats, Shoes
lime, 283.00, Cheese, http://lorempixel.com/640/480/food, Health
olive, 808.00, Car, http://lorempixel.com/640/480/people, Toys
tan, 297.00, Shoes, http://lorempixel.com/640/480/fashion, Computers
red, 429.00, Keyboard, http://lorempixel.com/640/480/abstract, Baby
grey, 926.00, Shoes, http://lorempixel.com/640/480/people, Home
pink, 998.00, Ball, http://lorempixel.com/640/480/transport, Kids
cyan, 208.00, Chicken, http://lorempixel.com/640/480/nature, Health
turquoise, 702.00, Chair, http://lorempixel.com/640/480/sports, Books
blue, 528.00, Bacon, http://lorempixel.com/640/480/cats, Outdoors
lavender, 75.00, Computer, http://lorempixel.com/640/480/business, Health
sky blue, 825.00, Salad, http://lorempixel.com/640/480/food, Garden
grey, 360.00, Soap, http://lorempixel.com/640/480/abstract, Outdoors
grey, 18.00, Hat, http://lorempixel.com/640/480/business, Outdoors
orchid, 439.00, Mouse, http://lorempixel.com/640/480/animals, Jewelery
sky blue, 409.00, Chips, http://lorempixel.com/640/480/people, Home
olive, 409.00, Tuna, http://lorempixel.com/640/480/nightlife, Books
lime, 737.00, Car, http://lorempixel.com/640/480/business, Outdoors
teal, 99.00, Table, http://lorempixel.com/640/480/food, Tools
red, 360.00, Hat, http://lorempixel.com/640/480/fashion, Jewelery
azure, 682.00, Tuna, http://lorempixel.com/640/480/sports, Jewelery
lime, 984.00, Pizza, http://lorempixel.com/640/480/technics, Jewelery
salmon, 876.00, Hat, http://lorempixel.com/640/480/technics, Kids
grey, 617.00, Towels, http://lorempixel.com/640/480/nature, Sports
fuchsia, 776.00, Soap, http://lorempixel.com/640/480/nature, Baby
red, 424.00, Shoes, http://lorempixel.com/640/480/city, Health
magenta, 278.00, Pants, http://lorempixel.com/640/480/city, Beauty
yellow, 12.00, Pizza, http://lorempixel.com/640/480/nightlife, Movies
plum, 801.00, Cheese, http://lorempixel.com/640/480/transport, Tools
teal, 480.00, Car, http://lorempixel.com/640/480/nature, Health
blue, 30.00, Ball, http://lorempixel.com/640/480/fashion, Clothing
purple, 191.00, Chips, http://lorempixel.com/640/480/abstract, Industrial
sky blue, 744.00, Gloves, http://lorempixel.com/640/480/animals, Automotive
red, 985.00, Sausages, http://lorempixel.com/640/480/cats, Kids
sky blue, 16.00, Shirt, http://lorempixel.com/640/480/food, Kids
lime, 283.00, Shoes, http://lorempixel.com/640/480/food, Jewelery
lavender, 249.00, Hat, http://lorempixel.com/640/480/transport, Music
purple, 473.00, Hat, http://lorempixel.com/640/480/transport, Jewelery
plum, 754.00, Bacon, http://lorempixel.com/640/480/fashion, Tools
violet, 302.00, Soap, http://lorempixel.com/640/480/technics, Electronics
sky blue, 561.00, Chicken, http://lorempixel.com/640/480/transport, Jewelery
lime, 707.00, Pants, http://lorempixel.com/640/480/fashion, Baby
pink, 407.00, Pants, http://lorempixel.com/640/480/nature, Industrial
cyan, 559.00, Computer, http://lorempixel.com/640/480/cats, Clothing
olive, 22.00, Chips, http://lorempixel.com/640/480/transport, Movies
sky blue, 370.00, Salad, http://lorempixel.com/640/480/food, Industrial
orchid, 766.00, Mouse, http://lorempixel.com/640/480/nightlife, Movies
gold, 203.00, Hat, http://lorempixel.com/640/480/nature, Beauty
pink, 824.00, Chicken, http://lorempixel.com/640/480/transport, Grocery
tan, 29.00, Car, http://lorempixel.com/640/480/food, Jewelery
teal, 480.00, Computer, http://lorempixel.com/640/480/abstract, Games
orange, 710.00, Fish, http://lorempixel.com/640/480/fashion, Computers
lime, 156.00, Car, http://lorempixel.com/640/480/sports, Games
cyan, 917.00, Table, http://lorempixel.com/640/480/people, Games
cyan, 592.00, Keyboard, http://lorempixel.com/640/480/city, Tools
black, 964.00, Bike, http://lorempixel.com/640/480/technics, Movies
ivory, 195.00, Pizza, http://lorempixel.com/640/480/people, Kids
azure, 460.00, Computer, http://lorempixel.com/640/480/cats, Sports
silver, 943.00, Mouse, http://lorempixel.com/640/480/business, Shoes
sky blue, 911.00, Chips, http://lorempixel.com/640/480/nightlife, Electronics
teal, 919.00, Cheese, http://lorempixel.com/640/480/food, Outdoors
olive, 745.00, Shoes, http://lorempixel.com/640/480/fashion, Health
black, 842.00, Bacon, http://lorempixel.com/640/480/animals, Outdoors
white, 401.00, Hat, http://lorempixel.com/640/480/cats, Electronics
tan, 113.00, Shirt, http://lorempixel.com/640/480/sports, Garden
white, 65.00, Chips, http://lorempixel.com/640/480/fashion, Health
tan, 869.00, Tuna, http://lorempixel.com/640/480/animals, Electronics
pink, 809.00, Chair, http://lorempixel.com/640/480/nature, Music
salmon, 698.00, Fish, http://lorempixel.com/640/480/people, Automotive
green, 727.00, Hat, http://lorempixel.com/640/480/nightlife, Electronics
violet, 348.00, Bike, http://lorempixel.com/640/480/nightlife, Computers
pink, 250.00, Ball, http://lorempixel.com/640/480/animals, Clothing
magenta, 692.00, Towels, http://lorempixel.com/640/480/abstract, Sports
black, 833.00, Chair, http://lorempixel.com/640/480/transport, Baby
lavender, 38.00, Bacon, http://lorempixel.com/640/480/technics, Electronics
maroon, 536.00, Chair, http://lorempixel.com/640/480/nature, Automotive
blue, 656.00, Salad, http://lorempixel.com/640/480/transport, Movies
fuchsia, 866.00, Bike, http://lorempixel.com/640/480/sports, Automotive
magenta, 92.00, Car, http://lorempixel.com/640/480/transport, Beauty
ivory, 230.00, Shirt, http://lorempixel.com/640/480/nightlife, Electronics
gold, 426.00, Ball, http://lorempixel.com/640/480/people, Music
ivory, 536.00, Chair, http://lorempixel.com/640/480/business, Jewelery
azure, 637.00, Chips, http://lorempixel.com/640/480/fashion, Industrial
ivory, 498.00, Mouse, http://lorempixel.com/640/480/fashion, Outdoors
plum, 678.00, Hat, http://lorempixel.com/640/480/food, Games
black, 131.00, Table, http://lorempixel.com/640/480/cats, Shoes
magenta, 462.00, Soap, http://lorempixel.com/640/480/nature, Garden
teal, 423.00, Computer, http://lorempixel.com/640/480/technics, Electronics
plum, 158.00, Soap, http://lorempixel.com/640/480/business, Automotive
salmon, 93.00, Salad, http://lorempixel.com/640/480/fashion, Kids
magenta, 240.00, Table, http://lorempixel.com/640/480/people, Clothing
green, 354.00, Salad, http://lorempixel.com/640/480/sports, Outdoors
white, 551.00, Computer, http://lorempixel.com/640/480/people, Shoes
tan, 592.00, Bike, http://lorempixel.com/640/480/animals, Garden
plum, 219.00, Car, http://lorempixel.com/640/480/business, Computers
azure, 90.00, Keyboard, http://lorempixel.com/640/480/cats, Industrial
yellow, 141.00, Towels, http://lorempixel.com/640/480/business, Games
sky blue, 782.00, Bacon, http://lorempixel.com/640/480/sports, Clothing
indigo, 975.00, Sausages, http://lorempixel.com/640/480/nightlife, Shoes
violet, 1.00, Towels, http://lorempixel.com/640/480/animals, Automotive
magenta, 835.00, Bacon, http://lorempixel.com/640/480/people, Books
blue, 157.00, Chicken, http://lorempixel.com/640/480/city, Baby
violet, 70.00, Bacon, http://lorempixel.com/640/480/animals, Shoes
tan, 369.00, Salad, http://lorempixel.com/640/480/city, Books
mint green, 476.00, Chips, http://lorempixel.com/640/480/abstract, Health
magenta, 128.00, Shoes, http://lorempixel.com/640/480/fashion, Automotive
plum, 137.00, Hat, http://lorempixel.com/640/480/people, Clothing
sky blue, 67.00, Gloves, http://lorempixel.com/640/480/food, Grocery
tan, 505.00, Table, http://lorempixel.com/640/480/animals, Computers
yellow, 954.00, Shoes, http://lorempixel.com/640/480/fashion, Tools
blue, 334.00, Cheese, http://lorempixel.com/640/480/fashion, Movies
tan, 791.00, Chips, http://lorempixel.com/640/480/animals, Automotive
violet, 110.00, Towels, http://lorempixel.com/640/480/nightlife, Movies
grey, 630.00, Tuna, http://lorempixel.com/640/480/transport, Home
tan, 631.00, Pants, http://lorempixel.com/640/480/people, Jewelery
lavender, 628.00, Keyboard, http://lorempixel.com/640/480/technics, Books
orchid, 91.00, Salad, http://lorempixel.com/640/480/technics, Sports
lime, 710.00, Hat, http://lorempixel.com/640/480/fashion, Music
grey, 275.00, Bacon, http://lorempixel.com/640/480/business, Jewelery
fuchsia, 286.00, Car, http://lorempixel.com/640/480/nightlife, Sports
magenta, 703.00, Bike, http://lorempixel.com/640/480/nightlife, Tools
blue, 242.00, Chicken, http://lorempixel.com/640/480/food, Automotive
tan, 823.00, Fish, http://lorempixel.com/640/480/people, Baby
yellow, 849.00, Hat, http://lorempixel.com/640/480/nightlife, Automotive
lavender, 452.00, Gloves, http://lorempixel.com/640/480/city, Music
salmon, 69.00, Mouse, http://lorempixel.com/640/480/technics, Grocery
fuchsia, 770.00, Ball, http://lorempixel.com/640/480/business, Outdoors
black, 376.00, Shoes, http://lorempixel.com/640/480/business, Grocery
turquoise, 389.00, Soap, http://lorempixel.com/640/480/sports, Shoes
teal, 439.00, Soap, http://lorempixel.com/640/480/business, Baby
tan, 809.00, Cheese, http://lorempixel.com/640/480/business, Baby
tan, 344.00, Car, http://lorempixel.com/640/480/fashion, Clothing
mint green, 339.00, Towels, http://lorempixel.com/640/480/sports, Books
plum, 617.00, Soap, http://lorempixel.com/640/480/abstract, Music
tan, 21.00, Ball, http://lorempixel.com/640/480/cats, Computers
salmon, 838.00, Bacon, http://lorempixel.com/640/480/nature, Toys
teal, 646.00, Keyboard, http://lorempixel.com/640/480/cats, Grocery
salmon, 834.00, Towels, http://lorempixel.com/640/480/people, Shoes
turquoise, 299.00, Ball, http://lorempixel.com/640/480/people, Jewelery
indigo, 454.00, Car, http://lorempixel.com/640/480/sports, Outdoors
yellow, 198.00, Shirt, http://lorempixel.com/640/480/cats, Sports
lime, 187.00, Soap, http://lorempixel.com/640/480/fashion, Garden
turquoise, 342.00, Tuna, http://lorempixel.com/640/480/transport, Baby
orchid, 856.00, Table, http://lorempixel.com/640/480/city, Jewelery
mint green, 419.00, Shirt, http://lorempixel.com/640/480/nightlife, Movies
sky blue, 114.00, Computer, http://lorempixel.com/640/480/city, Shoes
orchid, 894.00, Mouse, http://lorempixel.com/640/480/business, Clothing
maroon, 51.00, Chair, http://lorempixel.com/640/480/nature, Sports
olive, 707.00, Keyboard, http://lorempixel.com/640/480/nightlife, Garden
turquoise, 913.00, Chips, http://lorempixel.com/640/480/abstract, Garden
sky blue, 670.00, Car, http://lorempixel.com/640/480/cats, Toys
orange, 379.00, Soap, http://lorempixel.com/640/480/food, Baby
purple, 84.00, Car, http://lorempixel.com/640/480/technics, Clothing
ivory, 411.00, Soap, http://lorempixel.com/640/480/nature, Music
turquoise, 71.00, Car, http://lorempixel.com/640/480/food, Shoes
magenta, 330.00, Mouse, http://lorempixel.com/640/480/cats, Tools
plum, 992.00, Salad, http://lorempixel.com/640/480/abstract, Toys
sky blue, 798.00, Hat, http://lorempixel.com/640/480/nightlife, Toys
salmon, 170.00, Cheese, http://lorempixel.com/640/480/food, Tools
black, 375.00, Bike, http://lorempixel.com/640/480/sports, Books
teal, 368.00, Chair, http://lorempixel.com/640/480/abstract, Automotive
yellow, 682.00, Sausages, http://lorempixel.com/640/480/business, Home
orchid, 954.00, Ball, http://lorempixel.com/640/480/nightlife, Beauty
tan, 114.00, Pizza, http://lorempixel.com/640/480/cats, Books
magenta, 266.00, Towels, http://lorempixel.com/640/480/business, Grocery
orchid, 804.00, Cheese, http://lorempixel.com/640/480/people, Movies
ivory, 502.00, Fish, http://lorempixel.com/640/480/animals, Outdoors
maroon, 297.00, Chips, http://lorempixel.com/640/480/city, Computers
lime, 514.00, Bacon, http://lorempixel.com/640/480/transport, Jewelery
salmon, 231.00, Pants, http://lorempixel.com/640/480/animals, Baby
yellow, 798.00, Towels, http://lorempixel.com/640/480/food, Shoes
azure, 806.00, Salad, http://lorempixel.com/640/480/food, Jewelery
red, 361.00, Chips, http://lorempixel.com/640/480/nature, Sports
teal, 778.00, Mouse, http://lorempixel.com/640/480/abstract, Music
black, 107.00, Fish, http://lorempixel.com/640/480/technics, Industrial
red, 85.00, Ball, http://lorempixel.com/640/480/nature, Clothing
gold, 838.00, Tuna, http://lorempixel.com/640/480/animals, Baby
ivory, 358.00, Keyboard, http://lorempixel.com/640/480/technics, Industrial
tan, 833.00, Gloves, http://lorempixel.com/640/480/technics, Garden
grey, 327.00, Keyboard, http://lorempixel.com/640/480/fashion, Grocery
sky blue, 418.00, Salad, http://lorempixel.com/640/480/abstract, Home
maroon, 820.00, Sausages, http://lorempixel.com/640/480/nature, Movies
gold, 347.00, Soap, http://lorempixel.com/640/480/nightlife, Books
olive, 97.00, Table, http://lorempixel.com/640/480/cats, Sports
white, 568.00, Soap, http://lorempixel.com/640/480/food, Beauty
maroon, 351.00, Salad, http://lorempixel.com/640/480/sports, Toys
yellow, 908.00, Keyboard, http://lorempixel.com/640/480/city, Movies
cyan, 72.00, Soap, http://lorempixel.com/640/480/transport, Sports
mint green, 506.00, Car, http://lorempixel.com/640/480/transport, Health
pink, 876.00, Bike, http://lorempixel.com/640/480/nightlife, Jewelery
teal, 132.00, Hat, http://lorempixel.com/640/480/animals, Baby
azure, 436.00, Pants, http://lorempixel.com/640/480/city, Sports
ivory, 549.00, Soap, http://lorempixel.com/640/480/fashion, Industrial
turquoise, 897.00, Table, http://lorempixel.com/640/480/nature, Shoes
maroon, 328.00, Sausages, http://lorempixel.com/640/480/people, Games
teal, 343.00, Keyboard, http://lorempixel.com/640/480/nature, Music
grey, 923.00, Table, http://lorempixel.com/640/480/technics, Baby
sky blue, 275.00, Shirt, http://lorempixel.com/640/480/business, Beauty
magenta, 446.00, Fish, http://lorempixel.com/640/480/animals, Home
olive, 734.00, Bike, http://lorempixel.com/640/480/animals, Music
maroon, 743.00, Mouse, http://lorempixel.com/640/480/nightlife, Tools
mint green, 464.00, Mouse, http://lorempixel.com/640/480/business, Home
cyan, 140.00, Shirt, http://lorempixel.com/640/480/sports, Computers
black, 857.00, Hat, http://lorempixel.com/640/480/sports, Baby
azure, 187.00, Keyboard, http://lorempixel.com/640/480/sports, Clothing
green, 488.00, Cheese, http://lorempixel.com/640/480/technics, Industrial
yellow, 889.00, Cheese, http://lorempixel.com/640/480/city, Music
silver, 481.00, Bike, http://lorempixel.com/640/480/sports, Sports
teal, 235.00, Bacon, http://lorempixel.com/640/480/fashion, Baby
lime, 34.00, Chair, http://lorempixel.com/640/480/transport, Clothing
purple, 391.00, Shoes, http://lorempixel.com/640/480/transport, Industrial
orange, 130.00, Shirt, http://lorempixel.com/640/480/nightlife, Tools
maroon, 739.00, Bacon, http://lorempixel.com/640/480/animals, Computers
cyan, 939.00, Hat, http://lorempixel.com/640/480/animals, Clothing
salmon, 9.00, Table, http://lorempixel.com/640/480/abstract, Kids
olive, 634.00, Table, http://lorempixel.com/640/480/technics, Electronics
lime, 936.00, Pants, http://lorempixel.com/640/480/cats, Books
grey, 267.00, Computer, http://lorempixel.com/640/480/food, Baby
orchid, 170.00, Cheese, http://lorempixel.com/640/480/technics, Books
azure, 324.00, Sausages, http://lorempixel.com/640/480/abstract, Clothing
black, 632.00, Shirt, http://lorempixel.com/640/480/abstract, Tools
salmon, 943.00, Tuna, http://lorempixel.com/640/480/nightlife, Music
silver, 716.00, Pizza, http://lorempixel.com/640/480/business, Jewelery
tan, 419.00, Chips, http://lorempixel.com/640/480/people, Baby
indigo, 681.00, Bacon, http://lorempixel.com/640/480/nightlife, Music
tan, 565.00, Computer, http://lorempixel.com/640/480/animals, Jewelery
indigo, 265.00, Hat, http://lorempixel.com/640/480/business, Automotive
sky blue, 124.00, Shirt, http://lorempixel.com/640/480/fashion, Kids
lime, 1000.00, Soap, http://lorempixel.com/640/480/abstract, Jewelery
sky blue, 324.00, Ball, http://lorempixel.com/640/480/animals, Electronics
black, 199.00, Fish, http://lorempixel.com/640/480/animals, Games
purple, 273.00, Car, http://lorempixel.com/640/480/abstract, Home
silver, 637.00, Computer, http://lorempixel.com/640/480/transport, Grocery
gold, 232.00, Tuna, http://lorempixel.com/640/480/fashion, Shoes
gold, 284.00, Pizza, http://lorempixel.com/640/480/food, Toys
grey, 342.00, Salad, http://lorempixel.com/640/480/technics, Tools
lime, 930.00, Cheese, http://lorempixel.com/640/480/nature, Tools
blue, 916.00, Pizza, http://lorempixel.com/640/480/fashion, Shoes
yellow, 56.00, Gloves, http://lorempixel.com/640/480/food, Automotive
tan, 834.00, Shirt, http://lorempixel.com/640/480/cats, Home
black, 636.00, Gloves, http://lorempixel.com/640/480/people, Industrial
white, 785.00, Keyboard, http://lorempixel.com/640/480/people, Beauty
tan, 371.00, Gloves, http://lorempixel.com/640/480/nightlife, Games
green, 720.00, Shirt, http://lorempixel.com/640/480/sports, Garden
fuchsia, 451.00, Chicken, http://lorempixel.com/640/480/cats, Computers
sky blue, 351.00, Keyboard, http://lorempixel.com/640/480/transport, Books
green, 68.00, Computer, http://lorempixel.com/640/480/fashion, Kids
violet, 650.00, Table, http://lorempixel.com/640/480/transport, Automotive
purple, 6.00, Shoes, http://lorempixel.com/640/480/cats, Movies
orange, 309.00, Tuna, http://lorempixel.com/640/480/nature, Health
white, 169.00, Chair, http://lorempixel.com/640/480/transport, Beauty
plum, 965.00, Chicken, http://lorempixel.com/640/480/technics, Electronics
indigo, 458.00, Bike, http://lorempixel.com/640/480/technics, Home
lime, 349.00, Fish, http://lorempixel.com/640/480/fashion, Books
turquoise, 171.00, Bike, http://lorempixel.com/640/480/animals, Tools
azure, 200.00, Tuna, http://lorempixel.com/640/480/nightlife, Shoes
sky blue, 710.00, Ball, http://lorempixel.com/640/480/technics, Clothing
black, 933.00, Car, http://lorempixel.com/640/480/nature, Beauty
magenta, 926.00, Car, http://lorempixel.com/640/480/transport, Sports
indigo, 406.00, Chicken, http://lorempixel.com/640/480/nightlife, Beauty
blue, 534.00, Cheese, http://lorempixel.com/640/480/transport, Health
red, 631.00, Tuna, http://lorempixel.com/640/480/nature, Home
yellow, 246.00, Shoes, http://lorempixel.com/640/480/business, Automotive
salmon, 904.00, Fish, http://lorempixel.com/640/480/technics, Music
violet, 294.00, Computer, http://lorempixel.com/640/480/abstract, Grocery
maroon, 931.00, Cheese, http://lorempixel.com/640/480/nature, Industrial
blue, 173.00, Pants, http://lorempixel.com/640/480/fashion, Shoes
mint green, 312.00, Cheese, http://lorempixel.com/640/480/food, Shoes
magenta, 356.00, Sausages, http://lorempixel.com/640/480/technics, Games
lavender, 190.00, Shoes, http://lorempixel.com/640/480/fashion, Beauty
purple, 755.00, Sausages, http://lorempixel.com/640/480/business, Grocery
blue, 202.00, Bacon, http://lorempixel.com/640/480/fashion, Home
azure, 870.00, Chair, http://lorempixel.com/640/480/technics, Shoes
salmon, 782.00, Bike, http://lorempixel.com/640/480/food, Sports
violet, 460.00, Bacon, http://lorempixel.com/640/480/nature, Books
olive, 979.00, Pizza, http://lorempixel.com/640/480/food, Garden
lavender, 512.00, Towels, http://lorempixel.com/640/480/nature, Clothing
grey, 449.00, Shoes, http://lorempixel.com/640/480/fashion, Grocery
black, 782.00, Pizza, http://lorempixel.com/640/480/nightlife, Movies
azure, 946.00, Shirt, http://lorempixel.com/640/480/cats, Kids
magenta, 44.00, Chair, http://lorempixel.com/640/480/sports, Electronics
grey, 154.00, Sausages, http://lorempixel.com/640/480/city, Tools
fuchsia, 175.00, Hat, http://lorempixel.com/640/480/city, Books
pink, 920.00, Shirt, http://lorempixel.com/640/480/city, Garden
lavender, 446.00, Pizza, http://lorempixel.com/640/480/business, Electronics
lime, 954.00, Shoes, http://lorempixel.com/640/480/animals, Games
olive, 771.00, Ball, http://lorempixel.com/640/480/people, Movies
azure, 586.00, Shirt, http://lorempixel.com/640/480/transport, Baby
silver, 644.00, Shoes, http://lorempixel.com/640/480/people, Baby
olive, 60.00, Fish, http://lorempixel.com/640/480/nature, Music
yellow, 64.00, Mouse, http://lorempixel.com/640/480/fashion, Tools
ivory, 796.00, Gloves, http://lorempixel.com/640/480/people, Grocery
plum, 391.00, Pizza, http://lorempixel.com/640/480/sports, Baby
azure, 971.00, Pizza, http://lorempixel.com/640/480/food, Beauty
green, 6.00, Keyboard, http://lorempixel.com/640/480/business, Industrial
tan, 23.00, Chicken, http://lorempixel.com/640/480/people, Health
white, 264.00, Chair, http://lorempixel.com/640/480/technics, Electronics
plum, 958.00, Chips, http://lorempixel.com/640/480/animals, Toys
tan, 839.00, Mouse, http://lorempixel.com/640/480/cats, Electronics
black, 672.00, Shirt, http://lorempixel.com/640/480/abstract, Electronics
white, 641.00, Pants, http://lorempixel.com/640/480/transport, Jewelery
violet, 726.00, Cheese, http://lorempixel.com/640/480/sports, Outdoors
gold, 712.00, Chicken, http://lorempixel.com/640/480/cats, Health
salmon, 229.00, Bacon, http://lorempixel.com/640/480/abstract, Games
lime, 383.00, Gloves, http://lorempixel.com/640/480/animals, Garden
fuchsia, 651.00, Hat, http://lorempixel.com/640/480/food, Computers
orchid, 243.00, Soap, http://lorempixel.com/640/480/nightlife, Industrial
gold, 747.00, Bike, http://lorempixel.com/640/480/business, Jewelery
green, 268.00, Cheese, http://lorempixel.com/640/480/fashion, Industrial
lavender, 4.00, Car, http://lorempixel.com/640/480/business, Tools
salmon, 293.00, Chicken, http://lorempixel.com/640/480/transport, Outdoors
turquoise, 87.00, Bacon, http://lorempixel.com/640/480/business, Computers
yellow, 47.00, Shoes, http://lorempixel.com/640/480/city, Computers
orange, 388.00, Soap, http://lorempixel.com/640/480/nature, Shoes
ivory, 961.00, Computer, http://lorempixel.com/640/480/nature, Shoes
green, 567.00, Cheese, http://lorempixel.com/640/480/cats, Grocery
salmon, 436.00, Chips, http://lorempixel.com/640/480/city, Kids
sky blue, 262.00, Cheese, http://lorempixel.com/640/480/sports, Jewelery
orange, 588.00, Car, http://lorempixel.com/640/480/cats, Movies
maroon, 817.00, Sausages, http://lorempixel.com/640/480/animals, Toys
turquoise, 595.00, Salad, http://lorempixel.com/640/480/fashion, Outdoors
ivory, 237.00, Pants, http://lorempixel.com/640/480/technics, Baby
gold, 780.00, Salad, http://lorempixel.com/640/480/fashion, Computers
maroon, 448.00, Car, http://lorempixel.com/640/480/nightlife, Music
red, 832.00, Pants, http://lorempixel.com/640/480/nature, Music
olive, 805.00, Table, http://lorempixel.com/640/480/abstract, Home
lime, 946.00, Sausages, http://lorempixel.com/640/480/food, Books
white, 118.00, Towels, http://lorempixel.com/640/480/cats, Books
salmon, 284.00, Shirt, http://lorempixel.com/640/480/city, Computers
plum, 852.00, Computer, http://lorempixel.com/640/480/business, Health
lime, 890.00, Soap, http://lorempixel.com/640/480/sports, Health
magenta, 774.00, Tuna, http://lorempixel.com/640/480/abstract, Computers
white, 226.00, Bike, http://lorempixel.com/640/480/nightlife, Movies
purple, 401.00, Hat, http://lorempixel.com/640/480/people, Movies
sky blue, 601.00, Chips, http://lorempixel.com/640/480/city, Beauty
tan, 986.00, Tuna, http://lorempixel.com/640/480/business, Grocery
mint green, 383.00, Pizza, http://lorempixel.com/640/480/cats, Garden
olive, 417.00, Chair, http://lorempixel.com/640/480/city, Sports
blue, 591.00, Ball, http://lorempixel.com/640/480/technics, Garden
turquoise, 7.00, Towels, http://lorempixel.com/640/480/abstract, Toys
maroon, 536.00, Chips, http://lorempixel.com/640/480/food, Electronics
fuchsia, 22.00, Cheese, http://lorempixel.com/640/480/nightlife, Kids
maroon, 660.00, Towels, http://lorempixel.com/640/480/animals, Games
fuchsia, 786.00, Ball, http://lorempixel.com/640/480/transport, Music
lime, 132.00, Sausages, http://lorempixel.com/640/480/abstract, Garden
olive, 321.00, Bike, http://lorempixel.com/640/480/nature, Health
orange, 735.00, Towels, http://lorempixel.com/640/480/food, Computers
gold, 45.00, Pizza, http://lorempixel.com/640/480/sports, Sports
indigo, 103.00, Salad, http://lorempixel.com/640/480/transport, Jewelery
mint green, 359.00, Gloves, http://lorempixel.com/640/480/cats, Clothing
ivory, 652.00, Mouse, http://lorempixel.com/640/480/sports, Electronics
ivory, 308.00, Car, http://lorempixel.com/640/480/technics, Books
lime, 869.00, Keyboard, http://lorempixel.com/640/480/city, Movies
magenta, 688.00, Table, http://lorempixel.com/640/480/abstract, Home
plum, 958.00, Chicken, http://lorempixel.com/640/480/abstract, Computers
silver, 630.00, Bike, http://lorempixel.com/640/480/people, Computers
sky blue, 767.00, Ball, http://lorempixel.com/640/480/business, Music
indigo, 111.00, Towels, http://lorempixel.com/640/480/nightlife, Beauty
turquoise, 614.00, Pizza, http://lorempixel.com/640/480/food, Books
red, 830.00, Cheese, http://lorempixel.com/640/480/transport, Books
magenta, 357.00, Salad, http://lorempixel.com/640/480/transport, Kids
turquoise, 608.00, Bike, http://lorempixel.com/640/480/sports, Beauty
orchid, 694.00, Soap, http://lorempixel.com/640/480/fashion, Automotive
purple, 210.00, Shirt, http://lorempixel.com/640/480/city, Industrial
green, 561.00, Mouse, http://lorempixel.com/640/480/transport, Jewelery
maroon, 371.00, Table, http://lorempixel.com/640/480/technics, Home
indigo, 210.00, Tuna, http://lorempixel.com/640/480/cats, Books
indigo, 996.00, Salad, http://lorempixel.com/640/480/abstract, Jewelery
olive, 883.00, Chair, http://lorempixel.com/640/480/transport, Movies
plum, 884.00, Pants, http://lorempixel.com/640/480/nightlife, Baby
gold, 477.00, Sausages, http://lorempixel.com/640/480/transport, Toys
indigo, 749.00, Hat, http://lorempixel.com/640/480/transport, Home
fuchsia, 963.00, Sausages, http://lorempixel.com/640/480/animals, Grocery
cyan, 800.00, Cheese, http://lorempixel.com/640/480/fashion, Kids
blue, 569.00, Mouse, http://lorempixel.com/640/480/city, Sports
purple, 708.00, Salad, http://lorempixel.com/640/480/animals, Home
fuchsia, 736.00, Car, http://lorempixel.com/640/480/food, Health
magenta, 261.00, Computer, http://lorempixel.com/640/480/city, Outdoors
white, 65.00, Pants, http://lorempixel.com/640/480/fashion, Automotive
orchid, 2.00, Computer, http://lorempixel.com/640/480/nightlife, Sports
indigo, 156.00, Shoes, http://lorempixel.com/640/480/transport, Beauty
orchid, 900.00, Cheese, http://lorempixel.com/640/480/technics, Kids
olive, 191.00, Salad, http://lorempixel.com/640/480/fashion, Grocery
yellow, 368.00, Soap, http://lorempixel.com/640/480/nightlife, Clothing
magenta, 263.00, Tuna, http://lorempixel.com/640/480/business, Beauty
blue, 439.00, Soap, http://lorempixel.com/640/480/technics, Kids
lavender, 397.00, Bacon, http://lorempixel.com/640/480/transport, Automotive
azure, 825.00, Ball, http://lorempixel.com/640/480/abstract, Computers
tan, 585.00, Computer, http://lorempixel.com/640/480/animals, Movies
white, 745.00, Bacon, http://lorempixel.com/640/480/fashion, Computers
fuchsia, 8.00, Gloves, http://lorempixel.com/640/480/sports, Shoes
silver, 680.00, Computer, http://lorempixel.com/640/480/city, Home
violet, 614.00, Gloves, http://lorempixel.com/640/480/nightlife, Books
violet, 972.00, Table, http://lorempixel.com/640/480/abstract, Garden
blue, 543.00, Chair, http://lorempixel.com/640/480/people, Home
gold, 30.00, Fish, http://lorempixel.com/640/480/nature, Kids
magenta, 789.00, Towels, http://lorempixel.com/640/480/city, Baby
pink, 116.00, Table, http://lorempixel.com/640/480/technics, Kids
black, 999.00, Sausages, http://lorempixel.com/640/480/food, Baby
black, 218.00, Chicken, http://lorempixel.com/640/480/cats, Outdoors
plum, 433.00, Towels, http://lorempixel.com/640/480/technics, Computers
maroon, 539.00, Soap, http://lorempixel.com/640/480/fashion, Automotive
turquoise, 678.00, Tuna, http://lorempixel.com/640/480/city, Garden
green, 213.00, Chair, http://lorempixel.com/640/480/animals, Automotive
salmon, 603.00, Tuna, http://lorempixel.com/640/480/technics, Tools
silver, 511.00, Shoes, http://lorempixel.com/640/480/nightlife, Health
yellow, 74.00, Bike, http://lorempixel.com/640/480/animals, Games
olive, 976.00, Soap, http://lorempixel.com/640/480/abstract, Sports
orchid, 422.00, Pants, http://lorempixel.com/640/480/nature, Industrial
white, 407.00, Bacon, http://lorempixel.com/640/480/transport, Outdoors
white, 554.00, Chips, http://lorempixel.com/640/480/cats, Automotive
lime, 943.00, Chicken, http://lorempixel.com/640/480/animals, Garden
white, 311.00, Chair, http://lorempixel.com/640/480/people, Music
purple, 166.00, Chicken, http://lorempixel.com/640/480/people, Health
white, 295.00, Cheese, http://lorempixel.com/640/480/abstract, Movies
turquoise, 195.00, Bacon, http://lorempixel.com/640/480/business, Tools
salmon, 717.00, Shirt, http://lorempixel.com/640/480/nightlife, Electronics
yellow, 884.00, Soap, http://lorempixel.com/640/480/food, Books
indigo, 802.00, Soap, http://lorempixel.com/640/480/cats, Grocery
gold, 180.00, Shirt, http://lorempixel.com/640/480/abstract, Grocery
olive, 165.00, Ball, http://lorempixel.com/640/480/city, Baby
tan, 494.00, Hat, http://lorempixel.com/640/480/sports, Electronics
pink, 942.00, Pizza, http://lorempixel.com/640/480/abstract, Computers
white, 525.00, Chicken, http://lorempixel.com/640/480/technics, Beauty
plum, 999.00, Tuna, http://lorempixel.com/640/480/people, Automotive
green, 630.00, Pizza, http://lorempixel.com/640/480/fashion, Beauty
blue, 449.00, Computer, http://lorempixel.com/640/480/nightlife, Toys
violet, 801.00, Cheese, http://lorempixel.com/640/480/technics, Home
lime, 346.00, Shirt, http://lorempixel.com/640/480/transport, Toys
salmon, 374.00, Shirt, http://lorempixel.com/640/480/animals, Tools
indigo, 865.00, Chair, http://lorempixel.com/640/480/people, Automotive
black, 533.00, Table, http://lorempixel.com/640/480/animals, Garden
salmon, 876.00, Bacon, http://lorempixel.com/640/480/food, Beauty
white, 499.00, Keyboard, http://lorempixel.com/640/480/transport, Outdoors
olive, 301.00, Tuna, http://lorempixel.com/640/480/animals, Sports
black, 311.00, Soap, http://lorempixel.com/640/480/sports, Baby
gold, 653.00, Shoes, http://lorempixel.com/640/480/cats, Electronics
black, 125.00, Fish, http://lorempixel.com/640/480/cats, Grocery
indigo, 674.00, Chips, http://lorempixel.com/640/480/food, Kids
purple, 834.00, Chair, http://lorempixel.com/640/480/technics, Home
lavender, 491.00, Shoes, http://lorempixel.com/640/480/nature, Grocery
lavender, 802.00, Mouse, http://lorempixel.com/640/480/technics, Jewelery
white, 242.00, Cheese, http://lorempixel.com/640/480/transport, Books
magenta, 116.00, Fish, http://lorempixel.com/640/480/nature, Music
plum, 966.00, Table, http://lorempixel.com/640/480/nightlife, Tools
cyan, 580.00, Bacon, http://lorempixel.com/640/480/cats, Tools
white, 382.00, Towels, http://lorempixel.com/640/480/food, Books
olive, 394.00, Salad, http://lorempixel.com/640/480/nightlife, Automotive
yellow, 608.00, Shoes, http://lorempixel.com/640/480/sports, Garden
plum, 98.00, Chair, http://lorempixel.com/640/480/animals, Shoes
mint green, 416.00, Cheese, http://lorempixel.com/640/480/sports, Computers
tan, 337.00, Sausages, http://lorempixel.com/640/480/cats, Tools
orchid, 995.00, Fish, http://lorempixel.com/640/480/transport, Electronics
azure, 293.00, Chips, http://lorempixel.com/640/480/business, Tools
lime, 350.00, Bacon, http://lorempixel.com/640/480/fashion, Baby
azure, 687.00, Computer, http://lorempixel.com/640/480/food, Music
salmon, 837.00, Hat, http://lorempixel.com/640/480/cats, Computers
blue, 955.00, Mouse, http://lorempixel.com/640/480/food, Computers
violet, 758.00, Cheese, http://lorempixel.com/640/480/technics, Sports
teal, 257.00, Mouse, http://lorempixel.com/640/480/food, Beauty
purple, 266.00, Gloves, http://lorempixel.com/640/480/nature, Computers
lime, 412.00, Fish, http://lorempixel.com/640/480/sports, Home
lavender, 928.00, Fish, http://lorempixel.com/640/480/technics, Movies
gold, 546.00, Fish, http://lorempixel.com/640/480/people, Books
cyan, 397.00, Chips, http://lorempixel.com/640/480/city, Clothing
orange, 973.00, Chair, http://lorempixel.com/640/480/nature, Books
yellow, 375.00, Gloves, http://lorempixel.com/640/480/city, Outdoors
black, 464.00, Sausages, http://lorempixel.com/640/480/nightlife, Electronics
purple, 882.00, Mouse, http://lorempixel.com/640/480/transport, Beauty
mint green, 224.00, Computer, http://lorempixel.com/640/480/business, Baby
gold, 487.00, Cheese, http://lorempixel.com/640/480/sports, Clothing
teal, 368.00, Gloves, http://lorempixel.com/640/480/food, Home
blue, 129.00, Computer, http://lorempixel.com/640/480/technics, Home
orchid, 286.00, Gloves, http://lorempixel.com/640/480/abstract, Games
violet, 508.00, Table, http://lorempixel.com/640/480/abstract, Electronics
orange, 996.00, Towels, http://lorempixel.com/640/480/city, Games
plum, 486.00, Shoes, http://lorempixel.com/640/480/cats, Jewelery
plum, 986.00, Fish, http://lorempixel.com/640/480/fashion, Baby
pink, 877.00, Bike, http://lorempixel.com/640/480/sports, Home
maroon, 808.00, Hat, http://lorempixel.com/640/480/sports, Baby
pink, 138.00, Tuna, http://lorempixel.com/640/480/animals, Toys
indigo, 466.00, Chips, http://lorempixel.com/640/480/food, Health
silver, 434.00, Table, http://lorempixel.com/640/480/city, Clothing
indigo, 781.00, Tuna, http://lorempixel.com/640/480/business, Grocery
gold, 636.00, Pizza, http://lorempixel.com/640/480/people, Outdoors
lavender, 918.00, Chair, http://lorempixel.com/640/480/people, Games
turquoise, 406.00, Bike, http://lorempixel.com/640/480/fashion, Industrial
purple, 693.00, Fish, http://lorempixel.com/640/480/technics, Grocery
pink, 988.00, Computer, http://lorempixel.com/640/480/animals, Industrial
orchid, 168.00, Cheese, http://lorempixel.com/640/480/city, Tools
mint green, 772.00, Salad, http://lorempixel.com/640/480/animals, Automotive
yellow, 353.00, Shoes, http://lorempixel.com/640/480/people, Grocery
maroon, 92.00, Bacon, http://lorempixel.com/640/480/nightlife, Clothing
indigo, 903.00, Pizza, http://lorempixel.com/640/480/cats, Home
orange, 870.00, Ball, http://lorempixel.com/640/480/nightlife, Health
indigo, 425.00, Ball, http://lorempixel.com/640/480/nightlife, Grocery
grey, 507.00, Tuna, http://lorempixel.com/640/480/cats, Electronics
magenta, 457.00, Salad, http://lorempixel.com/640/480/people, Music
indigo, 478.00, Mouse, http://lorempixel.com/640/480/sports, Computers
silver, 821.00, Table, http://lorempixel.com/640/480/sports, Electronics
fuchsia, 602.00, Bacon, http://lorempixel.com/640/480/nature, Garden
turquoise, 395.00, Chips, http://lorempixel.com/640/480/food, Games
turquoise, 910.00, Gloves, http://lorempixel.com/640/480/city, Clothing
olive, 234.00, Bacon, http://lorempixel.com/640/480/technics, Outdoors
pink, 959.00, Computer, http://lorempixel.com/640/480/technics, Electronics
magenta, 71.00, Table, http://lorempixel.com/640/480/abstract, Toys
white, 512.00, Shoes, http://lorempixel.com/640/480/business, Movies
orange, 29.00, Chicken, http://lorempixel.com/640/480/city, Sports
mint green, 262.00, Cheese, http://lorempixel.com/640/480/people, Toys
green, 101.00, Chips, http://lorempixel.com/640/480/abstract, Jewelery
orchid, 35.00, Towels, http://lorempixel.com/640/480/nature, Movies
azure, 389.00, Fish, http://lorempixel.com/640/480/technics, Kids
blue, 958.00, Gloves, http://lorempixel.com/640/480/people, Kids
azure, 285.00, Shoes, http://lorempixel.com/640/480/nightlife, Movies
red, 690.00, Cheese, http://lorempixel.com/640/480/sports, Outdoors
ivory, 367.00, Ball, http://lorempixel.com/640/480/cats, Games
pink, 289.00, Table, http://lorempixel.com/640/480/city, Sports
fuchsia, 820.00, Soap, http://lorempixel.com/640/480/animals, Kids
black, 346.00, Computer, http://lorempixel.com/640/480/people, Outdoors
blue, 566.00, Keyboard, http://lorempixel.com/640/480/fashion, Games
grey, 776.00, Shoes, http://lorempixel.com/640/480/nightlife, Baby
cyan, 439.00, Bacon, http://lorempixel.com/640/480/sports, Clothing
violet, 827.00, Chips, http://lorempixel.com/640/480/business, Garden
